id,title,description,publishedAt,tags,categoryId,defaultLanguage,defaultAudioLanguage,thumbnail_default,thumbnail_high,duration,viewCount,likeCount,commentCount,privacyStatus,channel_id,channel_title,channel_description,channel_country,channel_thumbnail,channel_subscriberCount,channel_videoCount,uploads_playlist
Ky1WodwYUA8,Ex-Google Engineer Reveals How to Pass a Technical Interview ft .@KevinNaughtonJr,"Today, you are going to learn exactly what it takes to pass a technical interview. In order to explain that to you, I brought one of my good friends, Kevin (  @KevinNaughtonJr  ). He is an Ex-Google, Ex-Amazon Software Engineer. He worked over eight years in the tech industry, and throughout his time there he's given hundreds of technical interviews. I brought him on to the channel to explain it to you.

DevLaunch is my mentorship program where I personally help developers go beyond tutorials, build real-world projects, and actually land jobs. No fluff. Just real accountability, proven strategies, and hands-on guidance. Learn more here - https://training.devlaunch.us/tim?video=Ky1WodwYUA8

Hashtags
#technicalinterview #exgoogle #softwareengineer",2025-11-30T11:01:49Z,"tech with tim, google interview, technical interview tips, coding interview prep, software engineering interview, google engineer advice, technical interview questions, coding interview strategies, interview preparation, tech job interview, programming interview tips, interview coding challenges, software developer interview, technical skills for google, tech interview techniques, interview success tips",27,en,en-CA,https://i.ytimg.com/vi/Ky1WodwYUA8/default.jpg,https://i.ytimg.com/vi/Ky1WodwYUA8/hqdefault.jpg,PT22M22S,984,98,2,public,UC4JX40jDee_tINbkjycV4Sg,Tech With Tim,"I'm Tim, a self-taught developer & entrepreneur who brings you educational tech content without the fluff and noise. I went from a broke dropout working at McDonalds to making $100k+/month as a developer, travelling the world and moving to Dubai all before the age of 22. I've since helped thousands of aspiring developers land their first software engineering role and assisted mid-level devs land jobs at companies like google.

Max landed his first developer job 3 weeks after going through my training.
Youssef was laid off and landed a new role in 2 months while working with me.
Jamario landing competing job offers before graduating college.

If you want to learn more you can click the first link and watch my free training on how we help developers who already know how to code get hired by top tech companies.
",CA,https://yt3.ggpht.com/ytc/AIdro_k15oXl74WcnpdL-uVBv6IHBgAfXEEnpUiS-IoEyV1auyY=s800-c-k-c0x00ffffff-no-rj,1910000,1739,UU4JX40jDee_tINbkjycV4Sg
il0dFcWBev0,Did you know about the range function?,"DevLaunch is my mentorship program where I personally help developers go beyond tutorials, build real-world projects, and actually land jobs. No fluff. Just real accountability, proven strategies, and hands-on guidance. Learn more here - https://training.devlaunch.us/tim

üéû Video Resources üéû

‚è≥ Timestamps ‚è≥

Hashtags

UAE Media License Number: 3635141",2025-11-29T16:38:34Z,tech with tim,27,en,en-CA,https://i.ytimg.com/vi/il0dFcWBev0/default.jpg,https://i.ytimg.com/vi/il0dFcWBev0/hqdefault.jpg,PT1M49S,15663,234,4,public,UC4JX40jDee_tINbkjycV4Sg,Tech With Tim,"I'm Tim, a self-taught developer & entrepreneur who brings you educational tech content without the fluff and noise. I went from a broke dropout working at McDonalds to making $100k+/month as a developer, travelling the world and moving to Dubai all before the age of 22. I've since helped thousands of aspiring developers land their first software engineering role and assisted mid-level devs land jobs at companies like google.

Max landed his first developer job 3 weeks after going through my training.
Youssef was laid off and landed a new role in 2 months while working with me.
Jamario landing competing job offers before graduating college.

If you want to learn more you can click the first link and watch my free training on how we help developers who already know how to code get hired by top tech companies.
",CA,https://yt3.ggpht.com/ytc/AIdro_k15oXl74WcnpdL-uVBv6IHBgAfXEEnpUiS-IoEyV1auyY=s800-c-k-c0x00ffffff-no-rj,1910000,1739,UU4JX40jDee_tINbkjycV4Sg
J2fol8eWo64,Data Structures  - Full Course for Beginners,"This course will teach you about Data Structures and how they will apply in real-world scenarios, like computer science courses, preparing for technical interviews, or diving into LeetCode.

DevLaunch is my mentorship program where I work with you directly one on one to help you land a software engineering job, learn more from here: https://training.devlaunch.us/tim?video=J2fol8eWo64

üéû Video Resources üéû
Time Complexity Analysis: https://www.youtube.com/watch?v=6aDHWSNKlVw

‚è≥ Timestamps ‚è≥
00:01:59 | Arrays
00:21:07 | Single Linked List
00:35:07 | Doubly Linked List
00:45:42 | Queue
00:58:11 | Stack
01:08:36 | Binary Trees
01:35:45 | Binary Trees Continued
01:51:53 | Binary Search Trees
02:20:07 | Heaps
02:46:58 | Graphs
03:02:42 | Hashing


Hashtags
#datastructures #arrays #binarytree #heaps #hashing #singlelinkedlist #doublylinkedlist #datastructuresforbeginners #datastructurescourse",2025-11-28T09:33:02Z,tech with tim,27,en,en-CA,https://i.ytimg.com/vi/J2fol8eWo64/default.jpg,https://i.ytimg.com/vi/J2fol8eWo64/hqdefault.jpg,PT3H11M8S,15732,1092,36,public,UC4JX40jDee_tINbkjycV4Sg,Tech With Tim,"I'm Tim, a self-taught developer & entrepreneur who brings you educational tech content without the fluff and noise. I went from a broke dropout working at McDonalds to making $100k+/month as a developer, travelling the world and moving to Dubai all before the age of 22. I've since helped thousands of aspiring developers land their first software engineering role and assisted mid-level devs land jobs at companies like google.

Max landed his first developer job 3 weeks after going through my training.
Youssef was laid off and landed a new role in 2 months while working with me.
Jamario landing competing job offers before graduating college.

If you want to learn more you can click the first link and watch my free training on how we help developers who already know how to code get hired by top tech companies.
",CA,https://yt3.ggpht.com/ytc/AIdro_k15oXl74WcnpdL-uVBv6IHBgAfXEEnpUiS-IoEyV1auyY=s800-c-k-c0x00ffffff-no-rj,1910000,1739,UU4JX40jDee_tINbkjycV4Sg
KXjccJm-06I,You need to follow a system...,"DevLaunch is my mentorship program where I personally help developers go beyond tutorials, build real-world projects, and actually land jobs. No fluff. Just real accountability, proven strategies, and hands-on guidance. Learn more here - https://training.devlaunch.us/tim

üéû Video Resources üéû

‚è≥ Timestamps ‚è≥

Hashtags",2025-11-28T09:14:39Z,tech with tim,27,en,en-CA,https://i.ytimg.com/vi/KXjccJm-06I/default.jpg,https://i.ytimg.com/vi/KXjccJm-06I/hqdefault.jpg,PT57S,15551,484,17,public,UC4JX40jDee_tINbkjycV4Sg,Tech With Tim,"I'm Tim, a self-taught developer & entrepreneur who brings you educational tech content without the fluff and noise. I went from a broke dropout working at McDonalds to making $100k+/month as a developer, travelling the world and moving to Dubai all before the age of 22. I've since helped thousands of aspiring developers land their first software engineering role and assisted mid-level devs land jobs at companies like google.

Max landed his first developer job 3 weeks after going through my training.
Youssef was laid off and landed a new role in 2 months while working with me.
Jamario landing competing job offers before graduating college.

If you want to learn more you can click the first link and watch my free training on how we help developers who already know how to code get hired by top tech companies.
",CA,https://yt3.ggpht.com/ytc/AIdro_k15oXl74WcnpdL-uVBv6IHBgAfXEEnpUiS-IoEyV1auyY=s800-c-k-c0x00ffffff-no-rj,1910000,1739,UU4JX40jDee_tINbkjycV4Sg
sCiD-Wzj9P0,Watch this video if you're a developer!,"DevLaunch is my mentorship program where I personally help developers go beyond tutorials, build real-world projects, and actually land jobs. No fluff. Just real accountability, proven strategies, and hands-on guidance. Learn more here - https://training.devlaunch.us/tim",2025-11-27T17:43:21Z,tech with tim,27,en,en-CA,https://i.ytimg.com/vi/sCiD-Wzj9P0/default.jpg,https://i.ytimg.com/vi/sCiD-Wzj9P0/hqdefault.jpg,PT1M26S,22017,964,13,public,UC4JX40jDee_tINbkjycV4Sg,Tech With Tim,"I'm Tim, a self-taught developer & entrepreneur who brings you educational tech content without the fluff and noise. I went from a broke dropout working at McDonalds to making $100k+/month as a developer, travelling the world and moving to Dubai all before the age of 22. I've since helped thousands of aspiring developers land their first software engineering role and assisted mid-level devs land jobs at companies like google.

Max landed his first developer job 3 weeks after going through my training.
Youssef was laid off and landed a new role in 2 months while working with me.
Jamario landing competing job offers before graduating college.

If you want to learn more you can click the first link and watch my free training on how we help developers who already know how to code get hired by top tech companies.
",CA,https://yt3.ggpht.com/ytc/AIdro_k15oXl74WcnpdL-uVBv6IHBgAfXEEnpUiS-IoEyV1auyY=s800-c-k-c0x00ffffff-no-rj,1910000,1739,UU4JX40jDee_tINbkjycV4Sg
KP42CpCCGmo,This is a huge red flag if you're a programmer...,"DevLaunch is my mentorship program where I personally help developers go beyond tutorials, build real-world projects, and actually land jobs. No fluff. Just real accountability, proven strategies, and hands-on guidance. Learn more here - https://training.devlaunch.us/tim",2025-11-26T18:58:13Z,tech with tim,27,en,en-CA,https://i.ytimg.com/vi/KP42CpCCGmo/default.jpg,https://i.ytimg.com/vi/KP42CpCCGmo/hqdefault.jpg,PT58S,21354,669,20,public,UC4JX40jDee_tINbkjycV4Sg,Tech With Tim,"I'm Tim, a self-taught developer & entrepreneur who brings you educational tech content without the fluff and noise. I went from a broke dropout working at McDonalds to making $100k+/month as a developer, travelling the world and moving to Dubai all before the age of 22. I've since helped thousands of aspiring developers land their first software engineering role and assisted mid-level devs land jobs at companies like google.

Max landed his first developer job 3 weeks after going through my training.
Youssef was laid off and landed a new role in 2 months while working with me.
Jamario landing competing job offers before graduating college.

If you want to learn more you can click the first link and watch my free training on how we help developers who already know how to code get hired by top tech companies.
",CA,https://yt3.ggpht.com/ytc/AIdro_k15oXl74WcnpdL-uVBv6IHBgAfXEEnpUiS-IoEyV1auyY=s800-c-k-c0x00ffffff-no-rj,1910000,1739,UU4JX40jDee_tINbkjycV4Sg
pzcbRNLNkhY,My honest advice to aspiring software engineers,"Get Job Ready with SAL1 and PT1 Certifications at TryHackMe: https://tryhackme.com/yt_techwithtim. Use my code ""TIM25CERT"" for a MASSIVE 25% off on the certification fee and annual subscription

The software engineering field is tough, and for some, you may feel defeated. In this video, I want to give you a little hope, motivation, advice, and tell you some things that you can do that help you feel empowered as you go through this process.

DevLaunch is my mentorship program where I personally help developers go beyond tutorials, build real-world projects, and actually land jobs. No fluff. Just real accountability, proven strategies, and hands-on guidance. Learn more here - https://training.devlaunch.us/tim?video=pzcbRNLNkhY

Hashtags
#helpwithsoftwareengineering #adviceforsoftwareengineers #softwareengineerjobmarket #programmingadvice",2025-11-26T00:11:47Z,"tech with tim, Here are clean, high-signal YouTube tags you can paste directly ‚Äî all comma separated: software engineering advice, becoming a software engineer, aspiring software engineer, software engineer tips, how to become a developer, tech career advice, junior developer tips, coding career guide, learn to code, programming advice, developer roadmap, software engineer roadmap, coding motivation, developer mindset, breaking into tech, how to get a tech job",27,en,en-CA,https://i.ytimg.com/vi/pzcbRNLNkhY/default.jpg,https://i.ytimg.com/vi/pzcbRNLNkhY/hqdefault.jpg,PT14M51S,24389,965,114,public,UC4JX40jDee_tINbkjycV4Sg,Tech With Tim,"I'm Tim, a self-taught developer & entrepreneur who brings you educational tech content without the fluff and noise. I went from a broke dropout working at McDonalds to making $100k+/month as a developer, travelling the world and moving to Dubai all before the age of 22. I've since helped thousands of aspiring developers land their first software engineering role and assisted mid-level devs land jobs at companies like google.

Max landed his first developer job 3 weeks after going through my training.
Youssef was laid off and landed a new role in 2 months while working with me.
Jamario landing competing job offers before graduating college.

If you want to learn more you can click the first link and watch my free training on how we help developers who already know how to code get hired by top tech companies.
",CA,https://yt3.ggpht.com/ytc/AIdro_k15oXl74WcnpdL-uVBv6IHBgAfXEEnpUiS-IoEyV1auyY=s800-c-k-c0x00ffffff-no-rj,1910000,1739,UU4JX40jDee_tINbkjycV4Sg
vB1HPzvpMVA,This is the #1 mistake people make in interviews.,"DevLaunch is my mentorship program where I personally help developers go beyond tutorials, build real-world projects, and actually land jobs. No fluff. Just real accountability, proven strategies, and hands-on guidance. Learn more here - https://training.devlaunch.us/tim

üéû Video Resources üéû

‚è≥ Timestamps ‚è≥

Hashtags",2025-11-26T00:01:07Z,tech with tim,27,en,en-CA,https://i.ytimg.com/vi/vB1HPzvpMVA/default.jpg,https://i.ytimg.com/vi/vB1HPzvpMVA/hqdefault.jpg,PT1M28S,24387,1293,12,public,UC4JX40jDee_tINbkjycV4Sg,Tech With Tim,"I'm Tim, a self-taught developer & entrepreneur who brings you educational tech content without the fluff and noise. I went from a broke dropout working at McDonalds to making $100k+/month as a developer, travelling the world and moving to Dubai all before the age of 22. I've since helped thousands of aspiring developers land their first software engineering role and assisted mid-level devs land jobs at companies like google.

Max landed his first developer job 3 weeks after going through my training.
Youssef was laid off and landed a new role in 2 months while working with me.
Jamario landing competing job offers before graduating college.

If you want to learn more you can click the first link and watch my free training on how we help developers who already know how to code get hired by top tech companies.
",CA,https://yt3.ggpht.com/ytc/AIdro_k15oXl74WcnpdL-uVBv6IHBgAfXEEnpUiS-IoEyV1auyY=s800-c-k-c0x00ffffff-no-rj,1910000,1739,UU4JX40jDee_tINbkjycV4Sg
9yuSAKLriAU,Did you know about this Python feature?,"DevLaunch is my mentorship program where I personally help developers go beyond tutorials, build real-world projects, and actually land jobs. No fluff. Just real accountability, proven strategies, and hands-on guidance. Learn more here - https://training.devlaunch.us/tim",2025-11-24T19:36:19Z,tech with tim,27,en,en-CA,https://i.ytimg.com/vi/9yuSAKLriAU/default.jpg,https://i.ytimg.com/vi/9yuSAKLriAU/hqdefault.jpg,PT1M9S,7833,187,5,public,UC4JX40jDee_tINbkjycV4Sg,Tech With Tim,"I'm Tim, a self-taught developer & entrepreneur who brings you educational tech content without the fluff and noise. I went from a broke dropout working at McDonalds to making $100k+/month as a developer, travelling the world and moving to Dubai all before the age of 22. I've since helped thousands of aspiring developers land their first software engineering role and assisted mid-level devs land jobs at companies like google.

Max landed his first developer job 3 weeks after going through my training.
Youssef was laid off and landed a new role in 2 months while working with me.
Jamario landing competing job offers before graduating college.

If you want to learn more you can click the first link and watch my free training on how we help developers who already know how to code get hired by top tech companies.
",CA,https://yt3.ggpht.com/ytc/AIdro_k15oXl74WcnpdL-uVBv6IHBgAfXEEnpUiS-IoEyV1auyY=s800-c-k-c0x00ffffff-no-rj,1910000,1739,UU4JX40jDee_tINbkjycV4Sg
eSbeub2ZeNk,Build & Deploy a Python AI Agent in 20 Minutes,"Click this link https://www.boot.dev?promo=TECHWITHTIM and use my code TECHWITHTIM to get 25% off your first payment for boot.dev.

In this video, I'll show you how to build and deploy an AI agent in Python in a matter of minutes. We'll not write every single line of code completely from scratch, but I will cover all of the important concepts and all the code and demos that you need.

DevLaunch is my mentorship program where I personally help developers go beyond tutorials, build real-world projects, and actually land jobs. No fluff. Just real accountability, proven strategies, and hands-on guidance. Learn more here - https://training.devlaunch.us/tim?video=eSbeub2ZeNk

üéû Video Resources üéû
Vercel: https://vercel.com/docs/cli?package-manager=npm
NodeJS: https://nodejs.org/en
OpenAI Platform (API Keys): https://platform.openai.com/api-keys
Code In This Video: https://github.com/techwithtim/BuildAndDeployAIAgent

‚è≥ Timestamps ‚è≥
00:00 | Overview
00:33 | Tools & Architecture
02:14 | Setup & Install
06:30 | Writing the Agent 
12:09 | Writing the API
15:00 | HTML Template 
16:48 | Testing the Code
18:00 | Deploying to Vercel

Hashtags
#Python #AIAgents #SoftwareEngineer",2025-11-23T22:52:49Z,"tech with tim, python ai tutorial, build deploy ai agent, machine learning python, ai project in 20 minutes, python automation, openai api integration, python coding for ai, quick ai development, ai chatbot development, ai agent build guide, python scripting for ai, ai programming tutorial, rapid ai deployment, step-by-step ai build, ai application development, Boot.Dev",27,en,en-CA,https://i.ytimg.com/vi/eSbeub2ZeNk/default.jpg,https://i.ytimg.com/vi/eSbeub2ZeNk/hqdefault.jpg,PT23M16S,24733,887,19,public,UC4JX40jDee_tINbkjycV4Sg,Tech With Tim,"I'm Tim, a self-taught developer & entrepreneur who brings you educational tech content without the fluff and noise. I went from a broke dropout working at McDonalds to making $100k+/month as a developer, travelling the world and moving to Dubai all before the age of 22. I've since helped thousands of aspiring developers land their first software engineering role and assisted mid-level devs land jobs at companies like google.

Max landed his first developer job 3 weeks after going through my training.
Youssef was laid off and landed a new role in 2 months while working with me.
Jamario landing competing job offers before graduating college.

If you want to learn more you can click the first link and watch my free training on how we help developers who already know how to code get hired by top tech companies.
",CA,https://yt3.ggpht.com/ytc/AIdro_k15oXl74WcnpdL-uVBv6IHBgAfXEEnpUiS-IoEyV1auyY=s800-c-k-c0x00ffffff-no-rj,1910000,1739,UU4JX40jDee_tINbkjycV4Sg
2fGyi4ZSHLM,Have you used this Python feature?,"DevLaunch is my mentorship program where I personally help developers go beyond tutorials, build real-world projects, and actually land jobs. No fluff. Just real accountability, proven strategies, and hands-on guidance. Learn more here - https://training.devlaunch.us/tim

üéû Video Resources üéû

‚è≥ Timestamps ‚è≥

Hashtags",2025-11-23T17:29:11Z,tech with tim,27,en,en-CA,https://i.ytimg.com/vi/2fGyi4ZSHLM/default.jpg,https://i.ytimg.com/vi/2fGyi4ZSHLM/hqdefault.jpg,PT1M13S,18370,422,8,public,UC4JX40jDee_tINbkjycV4Sg,Tech With Tim,"I'm Tim, a self-taught developer & entrepreneur who brings you educational tech content without the fluff and noise. I went from a broke dropout working at McDonalds to making $100k+/month as a developer, travelling the world and moving to Dubai all before the age of 22. I've since helped thousands of aspiring developers land their first software engineering role and assisted mid-level devs land jobs at companies like google.

Max landed his first developer job 3 weeks after going through my training.
Youssef was laid off and landed a new role in 2 months while working with me.
Jamario landing competing job offers before graduating college.

If you want to learn more you can click the first link and watch my free training on how we help developers who already know how to code get hired by top tech companies.
",CA,https://yt3.ggpht.com/ytc/AIdro_k15oXl74WcnpdL-uVBv6IHBgAfXEEnpUiS-IoEyV1auyY=s800-c-k-c0x00ffffff-no-rj,1910000,1739,UU4JX40jDee_tINbkjycV4Sg
UAjzFTGlaXw,The true power of Wispr!,"DevLaunch is my mentorship program where I personally help developers go beyond tutorials, build real-world projects, and actually land jobs. No fluff. Just real accountability, proven strategies, and hands-on guidance. Learn more here - https://training.devlaunch.us/tim",2025-11-21T20:45:01Z,tech with tim,27,en,en-CA,https://i.ytimg.com/vi/UAjzFTGlaXw/default.jpg,https://i.ytimg.com/vi/UAjzFTGlaXw/hqdefault.jpg,PT1M7S,17167,613,11,public,UC4JX40jDee_tINbkjycV4Sg,Tech With Tim,"I'm Tim, a self-taught developer & entrepreneur who brings you educational tech content without the fluff and noise. I went from a broke dropout working at McDonalds to making $100k+/month as a developer, travelling the world and moving to Dubai all before the age of 22. I've since helped thousands of aspiring developers land their first software engineering role and assisted mid-level devs land jobs at companies like google.

Max landed his first developer job 3 weeks after going through my training.
Youssef was laid off and landed a new role in 2 months while working with me.
Jamario landing competing job offers before graduating college.

If you want to learn more you can click the first link and watch my free training on how we help developers who already know how to code get hired by top tech companies.
",CA,https://yt3.ggpht.com/ytc/AIdro_k15oXl74WcnpdL-uVBv6IHBgAfXEEnpUiS-IoEyV1auyY=s800-c-k-c0x00ffffff-no-rj,1910000,1739,UU4JX40jDee_tINbkjycV4Sg
jE7Xa7BYe14,This AI Startup Hit $1 Billion in 6 Month (GenSpark),"Register and get started with @genspark_ai  for free: https://www.genspark.ai/?utm_source=yt&utm_campaign=TechWithTim

What if I told you that just a team of 30 people built a tool that in six months is worth $1 billion, and it might just make ChatGPT, Canva and even your coding tools completely obsolete? GenSpark is Silicon Valley's hardest AI startup right now, and after using it, I understand why everyone is freaking out about it.

DevLaunch is my mentorship program where I personally help developers go beyond tutorials, build real-world projects, and actually land jobs. No fluff. Just real accountability, proven strategies, and hands-on guidance. Learn more here - https://training.devlaunch.us/tim?video=NpGcL0rP0_8

‚è≥ Timestamps ‚è≥
00:00 | Overview
00:30 | What is GenSpark
01:27 | Hub & AI Drive
03:58 | AI Docs
05:35 | Research Me
06:40 | Developer Integrations
10:01 | Productivity Integrations 
12:26 | AI Inbox/Emails
13:23 | AI Teams
14:01 | AI Calling 

Hashtags
#Genspark #WorkwithGenspark #GensparkLive",2025-11-21T13:01:38Z,"tech with tim, GenSpark, Work With GenSpark, GenSpark Live, ai startup, billion dollar startup, tech startup success, artificial intelligence, startup success story, tech entrepreneurship, innovative startups, startup valuation, digital innovation, fast-growing startups, ai industry, startup milestones, Developer Integrations, Productivity Integrations, AI Teams, AI Calling, ai workspace, ai models, ai ide, ide",27,en,en-CA,https://i.ytimg.com/vi/jE7Xa7BYe14/default.jpg,https://i.ytimg.com/vi/jE7Xa7BYe14/hqdefault.jpg,PT15M16S,6740,196,17,public,UC4JX40jDee_tINbkjycV4Sg,Tech With Tim,"I'm Tim, a self-taught developer & entrepreneur who brings you educational tech content without the fluff and noise. I went from a broke dropout working at McDonalds to making $100k+/month as a developer, travelling the world and moving to Dubai all before the age of 22. I've since helped thousands of aspiring developers land their first software engineering role and assisted mid-level devs land jobs at companies like google.

Max landed his first developer job 3 weeks after going through my training.
Youssef was laid off and landed a new role in 2 months while working with me.
Jamario landing competing job offers before graduating college.

If you want to learn more you can click the first link and watch my free training on how we help developers who already know how to code get hired by top tech companies.
",CA,https://yt3.ggpht.com/ytc/AIdro_k15oXl74WcnpdL-uVBv6IHBgAfXEEnpUiS-IoEyV1auyY=s800-c-k-c0x00ffffff-no-rj,1910000,1739,UU4JX40jDee_tINbkjycV4Sg
aZUn-WCnkvI,The problem with AI and coding.,"DevLaunch is my mentorship program where I personally help developers go beyond tutorials, build real-world projects, and actually land jobs. No fluff. Just real accountability, proven strategies, and hands-on guidance. Learn more here - https://training.devlaunch.us/tim

üéû Video Resources üéû

‚è≥ Timestamps ‚è≥

Hashtags",2025-11-20T20:27:36Z,tech with tim,27,en,en-CA,https://i.ytimg.com/vi/aZUn-WCnkvI/default.jpg,https://i.ytimg.com/vi/aZUn-WCnkvI/hqdefault.jpg,PT40S,20992,469,21,public,UC4JX40jDee_tINbkjycV4Sg,Tech With Tim,"I'm Tim, a self-taught developer & entrepreneur who brings you educational tech content without the fluff and noise. I went from a broke dropout working at McDonalds to making $100k+/month as a developer, travelling the world and moving to Dubai all before the age of 22. I've since helped thousands of aspiring developers land their first software engineering role and assisted mid-level devs land jobs at companies like google.

Max landed his first developer job 3 weeks after going through my training.
Youssef was laid off and landed a new role in 2 months while working with me.
Jamario landing competing job offers before graduating college.

If you want to learn more you can click the first link and watch my free training on how we help developers who already know how to code get hired by top tech companies.
",CA,https://yt3.ggpht.com/ytc/AIdro_k15oXl74WcnpdL-uVBv6IHBgAfXEEnpUiS-IoEyV1auyY=s800-c-k-c0x00ffffff-no-rj,1910000,1739,UU4JX40jDee_tINbkjycV4Sg
zPi6_uiwabI,You need to know about this python function!,"DevLaunch is my mentorship program where I personally help developers go beyond tutorials, build real-world projects, and actually land jobs. No fluff. Just real accountability, proven strategies, and hands-on guidance. Learn more here - https://training.devlaunch.us/tim",2025-11-19T19:20:24Z,tech with tim,27,en,en-CA,https://i.ytimg.com/vi/zPi6_uiwabI/default.jpg,https://i.ytimg.com/vi/zPi6_uiwabI/hqdefault.jpg,PT59S,23465,404,13,public,UC4JX40jDee_tINbkjycV4Sg,Tech With Tim,"I'm Tim, a self-taught developer & entrepreneur who brings you educational tech content without the fluff and noise. I went from a broke dropout working at McDonalds to making $100k+/month as a developer, travelling the world and moving to Dubai all before the age of 22. I've since helped thousands of aspiring developers land their first software engineering role and assisted mid-level devs land jobs at companies like google.

Max landed his first developer job 3 weeks after going through my training.
Youssef was laid off and landed a new role in 2 months while working with me.
Jamario landing competing job offers before graduating college.

If you want to learn more you can click the first link and watch my free training on how we help developers who already know how to code get hired by top tech companies.
",CA,https://yt3.ggpht.com/ytc/AIdro_k15oXl74WcnpdL-uVBv6IHBgAfXEEnpUiS-IoEyV1auyY=s800-c-k-c0x00ffffff-no-rj,1910000,1739,UU4JX40jDee_tINbkjycV4Sg
7D6KyFZ5NyU,I Built 3 Saas Apps in 30 Minutes with AI - Here's How,"Sign up for Abacus AI DeepAgent - https://deepagent.abacus.ai/tcw

It wasn't too long ago that if you wanted to build and deploy your own product service, something like a SaaS, that was going to cost you six months of development, hundreds of thousands of dollars and a massive amount of effort with probably a team of multiple developers. Today, with the advancement of AI agents, you can build some really cool products that you can monetize from day one in literally ten minutes.

DevLaunch is my mentorship program where I personally help developers go beyond tutorials, build real-world projects, and actually land jobs. No fluff. Just real accountability, proven strategies, and hands-on guidance. Learn more here - https://training.devlaunch.us/tim?video=7D6KyFZ5NyU

‚è≥ Timestamps ‚è≥
00:00 | Overview
00:47 | Abacus AI DeepAgent 
01:17 | Example 1 - Tutoring Booking Site
05:20 | Example 2 - Lead Magnet/Cheap Resource 
06:55 | Example 3 - AI Resume Reviewer 

Hashtags
#DeepAgent #AbacusAI #AIAgents",2025-11-19T13:44:24Z,"tech with tim, DeepAgent, Abacus AI, ChatLLM Teams, SaaS, saas apps, ai app development, no-code saas, build saas in 30 minutes, ai tools for developers, saas startup, rapid app creation, ai-powered saas, saas business ideas, low-code app development, startup tips, ai innovation, tech entrepreneurship, software as a service, quick app build",27,en,en-CA,https://i.ytimg.com/vi/7D6KyFZ5NyU/default.jpg,https://i.ytimg.com/vi/7D6KyFZ5NyU/hqdefault.jpg,PT8M34S,12005,432,23,public,UC4JX40jDee_tINbkjycV4Sg,Tech With Tim,"I'm Tim, a self-taught developer & entrepreneur who brings you educational tech content without the fluff and noise. I went from a broke dropout working at McDonalds to making $100k+/month as a developer, travelling the world and moving to Dubai all before the age of 22. I've since helped thousands of aspiring developers land their first software engineering role and assisted mid-level devs land jobs at companies like google.

Max landed his first developer job 3 weeks after going through my training.
Youssef was laid off and landed a new role in 2 months while working with me.
Jamario landing competing job offers before graduating college.

If you want to learn more you can click the first link and watch my free training on how we help developers who already know how to code get hired by top tech companies.
",CA,https://yt3.ggpht.com/ytc/AIdro_k15oXl74WcnpdL-uVBv6IHBgAfXEEnpUiS-IoEyV1auyY=s800-c-k-c0x00ffffff-no-rj,1910000,1739,UU4JX40jDee_tINbkjycV4Sg
TzvxBbv1eTI,Have you heard of this Python feature?,"DevLaunch is my mentorship program where I personally help developers go beyond tutorials, build real-world projects, and actually land jobs. No fluff. Just real accountability, proven strategies, and hands-on guidance. Learn more here - https://training.devlaunch.us/tim

üéû Video Resources üéû

‚è≥ Timestamps ‚è≥

Hashtags",2025-11-18T19:27:40Z,tech with tim,27,en,en-CA,https://i.ytimg.com/vi/TzvxBbv1eTI/default.jpg,https://i.ytimg.com/vi/TzvxBbv1eTI/hqdefault.jpg,PT1M45S,24953,734,15,public,UC4JX40jDee_tINbkjycV4Sg,Tech With Tim,"I'm Tim, a self-taught developer & entrepreneur who brings you educational tech content without the fluff and noise. I went from a broke dropout working at McDonalds to making $100k+/month as a developer, travelling the world and moving to Dubai all before the age of 22. I've since helped thousands of aspiring developers land their first software engineering role and assisted mid-level devs land jobs at companies like google.

Max landed his first developer job 3 weeks after going through my training.
Youssef was laid off and landed a new role in 2 months while working with me.
Jamario landing competing job offers before graduating college.

If you want to learn more you can click the first link and watch my free training on how we help developers who already know how to code get hired by top tech companies.
",CA,https://yt3.ggpht.com/ytc/AIdro_k15oXl74WcnpdL-uVBv6IHBgAfXEEnpUiS-IoEyV1auyY=s800-c-k-c0x00ffffff-no-rj,1910000,1739,UU4JX40jDee_tINbkjycV4Sg
vwCRQS-boMA,Is PHP the best back end language for you to use?,"DevLaunch is my mentorship program where I personally help developers go beyond tutorials, build real-world projects, and actually land jobs. No fluff. Just real accountability, proven strategies, and hands-on guidance. Learn more here - https://training.devlaunch.us/tim",2025-11-17T18:49:59Z,tech with tim,27,en,en-CA,https://i.ytimg.com/vi/vwCRQS-boMA/default.jpg,https://i.ytimg.com/vi/vwCRQS-boMA/hqdefault.jpg,PT34S,19549,397,11,public,UC4JX40jDee_tINbkjycV4Sg,Tech With Tim,"I'm Tim, a self-taught developer & entrepreneur who brings you educational tech content without the fluff and noise. I went from a broke dropout working at McDonalds to making $100k+/month as a developer, travelling the world and moving to Dubai all before the age of 22. I've since helped thousands of aspiring developers land their first software engineering role and assisted mid-level devs land jobs at companies like google.

Max landed his first developer job 3 weeks after going through my training.
Youssef was laid off and landed a new role in 2 months while working with me.
Jamario landing competing job offers before graduating college.

If you want to learn more you can click the first link and watch my free training on how we help developers who already know how to code get hired by top tech companies.
",CA,https://yt3.ggpht.com/ytc/AIdro_k15oXl74WcnpdL-uVBv6IHBgAfXEEnpUiS-IoEyV1auyY=s800-c-k-c0x00ffffff-no-rj,1910000,1739,UU4JX40jDee_tINbkjycV4Sg
RocyCm4edNI,How to Get Hired as a Software Engineer (The One Niche Rule),"üëâ To learn for free on Brilliant, go to https://brilliant.org/techwithtim . Brilliant‚Äôs also given our viewers 20% off an annual Premium subscription, which gives you unlimited daily access to everything on Brilliant. 

Over the past six months, I've worked with over 200 software developers and helped dozens of them land six figure software engineering roles. I want to explain to you a very simple rule that will allow you to break through the noise in the market and actually stand out and start generating some opportunities.

DevLaunch is my mentorship program where I personally help developers go beyond tutorials, build real-world projects, and actually land jobs. No fluff. Just real accountability, proven strategies, and hands-on guidance. Learn more here - https://training.devlaunch.us/tim?video=RocyCm4edNI

üéû Video Resources üéû
Jamario's Journey: https://www.youtube.com/watch?v=50NckuCkygM&t=30s

Hashtags
#Brilliant #SoftwareEngineer #CodingNiche",2025-11-17T17:44:55Z,"tech with tim, software engineer hiring, tech jobs, software developer career, job search tips, coding career advice, niche marketing, software engineering interview, tech industry jobs, resume tips for engineers, software developer hiring process, niche rule in job hunting, programming career guide, tech job interview prep, software engineering skills, career in software development, brilliant.org",27,en,en-CA,https://i.ytimg.com/vi/RocyCm4edNI/default.jpg,https://i.ytimg.com/vi/RocyCm4edNI/hqdefault.jpg,PT13M,33551,434,20,public,UC4JX40jDee_tINbkjycV4Sg,Tech With Tim,"I'm Tim, a self-taught developer & entrepreneur who brings you educational tech content without the fluff and noise. I went from a broke dropout working at McDonalds to making $100k+/month as a developer, travelling the world and moving to Dubai all before the age of 22. I've since helped thousands of aspiring developers land their first software engineering role and assisted mid-level devs land jobs at companies like google.

Max landed his first developer job 3 weeks after going through my training.
Youssef was laid off and landed a new role in 2 months while working with me.
Jamario landing competing job offers before graduating college.

If you want to learn more you can click the first link and watch my free training on how we help developers who already know how to code get hired by top tech companies.
",CA,https://yt3.ggpht.com/ytc/AIdro_k15oXl74WcnpdL-uVBv6IHBgAfXEEnpUiS-IoEyV1auyY=s800-c-k-c0x00ffffff-no-rj,1910000,1739,UU4JX40jDee_tINbkjycV4Sg
JfPkLAKfNsc,Is Ruby the best backend language?,"DevLaunch is my mentorship program where I personally help developers go beyond tutorials, build real-world projects, and actually land jobs. No fluff. Just real accountability, proven strategies, and hands-on guidance. Learn more here - https://training.devlaunch.us/tim",2025-11-16T19:08:01Z,tech with tim,27,en,en-CA,https://i.ytimg.com/vi/JfPkLAKfNsc/default.jpg,https://i.ytimg.com/vi/JfPkLAKfNsc/hqdefault.jpg,PT34S,16261,263,7,public,UC4JX40jDee_tINbkjycV4Sg,Tech With Tim,"I'm Tim, a self-taught developer & entrepreneur who brings you educational tech content without the fluff and noise. I went from a broke dropout working at McDonalds to making $100k+/month as a developer, travelling the world and moving to Dubai all before the age of 22. I've since helped thousands of aspiring developers land their first software engineering role and assisted mid-level devs land jobs at companies like google.

Max landed his first developer job 3 weeks after going through my training.
Youssef was laid off and landed a new role in 2 months while working with me.
Jamario landing competing job offers before graduating college.

If you want to learn more you can click the first link and watch my free training on how we help developers who already know how to code get hired by top tech companies.
",CA,https://yt3.ggpht.com/ytc/AIdro_k15oXl74WcnpdL-uVBv6IHBgAfXEEnpUiS-IoEyV1auyY=s800-c-k-c0x00ffffff-no-rj,1910000,1739,UU4JX40jDee_tINbkjycV4Sg
WcaD-o5JGQU,Is Java the best backend language?,"DevLaunch is my mentorship program where I personally help developers go beyond tutorials, build real-world projects, and actually land jobs. No fluff. Just real accountability, proven strategies, and hands-on guidance. Learn more here - https://training.devlaunch.us/tim",2025-11-15T16:58:51Z,tech with tim,27,en,en-CA,https://i.ytimg.com/vi/WcaD-o5JGQU/default.jpg,https://i.ytimg.com/vi/WcaD-o5JGQU/hqdefault.jpg,PT29S,34286,535,26,public,UC4JX40jDee_tINbkjycV4Sg,Tech With Tim,"I'm Tim, a self-taught developer & entrepreneur who brings you educational tech content without the fluff and noise. I went from a broke dropout working at McDonalds to making $100k+/month as a developer, travelling the world and moving to Dubai all before the age of 22. I've since helped thousands of aspiring developers land their first software engineering role and assisted mid-level devs land jobs at companies like google.

Max landed his first developer job 3 weeks after going through my training.
Youssef was laid off and landed a new role in 2 months while working with me.
Jamario landing competing job offers before graduating college.

If you want to learn more you can click the first link and watch my free training on how we help developers who already know how to code get hired by top tech companies.
",CA,https://yt3.ggpht.com/ytc/AIdro_k15oXl74WcnpdL-uVBv6IHBgAfXEEnpUiS-IoEyV1auyY=s800-c-k-c0x00ffffff-no-rj,1910000,1739,UU4JX40jDee_tINbkjycV4Sg
Cn6juk073uM,These Tools Changed My Python Workflow,"Try ConfigCat's Forever Free plan, or get 25% off any paid plan with the code TIM25 ‚Üí https://configcat.com/promotions/tech-with-tim/?utm_source=youtube&utm_medium=sponsor&utm_campaign=tech-with-tim_202511

The tools I'll show you in this video have completely changed my Python workflow. They've saved me hundreds of hours of development time, and they're ones that I believe every Python developer should least be considering, if not using in their workflow.

DevLaunch is my mentorship program where I personally help developers go beyond tutorials, build real-world projects, and actually land jobs. No fluff. Just real accountability, proven strategies, and hands-on guidance. Learn more here - https://training.devlaunch.us/tim?video=Cn6juk073uM

üîç Video Resources
Cursor Tutorial: https://www.youtube.com/watch?v=ocMOZpuAMw4
UV Tutorial: https://www.youtube.com/watch?v=6pttmsBSi8M
Dotenv Docs: https://pypi.org/project/python-dotenv/
Ruff Docs: https://github.com/astral-sh/ruff
Pytest Tutorial: https://www.youtube.com/watch?v=EgpLj86ZHFQ
Docker Tutorial: https://www.youtube.com/watch?v=ZiwvZenOzto

‚è≥ Timestamps ‚è≥
00:00 | Intro
00:21 | Cursor
01:56 | UV
04:40 | Dotenv
06:53 | ConfigCat
08:34 | Ruff 
11:18 | Pytest
13:25 | Docker

Hashtags
#Python #PythonTools #SoftwareEngineer",2025-11-15T14:00:22Z,"tech with tim, Python, Python Tools, Cursor AI, UV, Pip, Dotenv, Python.ENV, ConfigCat, Ruff coding, Pytest, Docker, package manager, environment variable files, linter, python linter, framework, python framework, DevLaunch, code deployment, best python tools, python workflow, software engineer, software programming, coding workflow",27,en,en-CA,https://i.ytimg.com/vi/Cn6juk073uM/default.jpg,https://i.ytimg.com/vi/Cn6juk073uM/hqdefault.jpg,PT15M36S,27246,936,49,public,UC4JX40jDee_tINbkjycV4Sg,Tech With Tim,"I'm Tim, a self-taught developer & entrepreneur who brings you educational tech content without the fluff and noise. I went from a broke dropout working at McDonalds to making $100k+/month as a developer, travelling the world and moving to Dubai all before the age of 22. I've since helped thousands of aspiring developers land their first software engineering role and assisted mid-level devs land jobs at companies like google.

Max landed his first developer job 3 weeks after going through my training.
Youssef was laid off and landed a new role in 2 months while working with me.
Jamario landing competing job offers before graduating college.

If you want to learn more you can click the first link and watch my free training on how we help developers who already know how to code get hired by top tech companies.
",CA,https://yt3.ggpht.com/ytc/AIdro_k15oXl74WcnpdL-uVBv6IHBgAfXEEnpUiS-IoEyV1auyY=s800-c-k-c0x00ffffff-no-rj,1910000,1739,UU4JX40jDee_tINbkjycV4Sg
LOAiJHW_bMA,Did you know about this?,"DevLaunch is my mentorship program where I personally help developers go beyond tutorials, build real-world projects, and actually land jobs. No fluff. Just real accountability, proven strategies, and hands-on guidance. Learn more here - https://training.devlaunch.us/tim

üéû Video Resources üéû

‚è≥ Timestamps ‚è≥

Hashtags",2025-11-14T15:30:48Z,tech with tim,27,en,en-CA,https://i.ytimg.com/vi/LOAiJHW_bMA/default.jpg,https://i.ytimg.com/vi/LOAiJHW_bMA/hqdefault.jpg,PT1M15S,19433,491,5,public,UC4JX40jDee_tINbkjycV4Sg,Tech With Tim,"I'm Tim, a self-taught developer & entrepreneur who brings you educational tech content without the fluff and noise. I went from a broke dropout working at McDonalds to making $100k+/month as a developer, travelling the world and moving to Dubai all before the age of 22. I've since helped thousands of aspiring developers land their first software engineering role and assisted mid-level devs land jobs at companies like google.

Max landed his first developer job 3 weeks after going through my training.
Youssef was laid off and landed a new role in 2 months while working with me.
Jamario landing competing job offers before graduating college.

If you want to learn more you can click the first link and watch my free training on how we help developers who already know how to code get hired by top tech companies.
",CA,https://yt3.ggpht.com/ytc/AIdro_k15oXl74WcnpdL-uVBv6IHBgAfXEEnpUiS-IoEyV1auyY=s800-c-k-c0x00ffffff-no-rj,1910000,1739,UU4JX40jDee_tINbkjycV4Sg
q73YarcU3lA,Powerful trick for efficient coding.,"DevLaunch is my mentorship program where I personally help developers go beyond tutorials, build real-world projects, and actually land jobs. No fluff. Just real accountability, proven strategies, and hands-on guidance. Learn more here - https://training.devlaunch.us/tim

üéû Video Resources üéû

‚è≥ Timestamps ‚è≥

Hashtags",2025-11-13T17:30:14Z,tech with tim,27,en,en-CA,https://i.ytimg.com/vi/q73YarcU3lA/default.jpg,https://i.ytimg.com/vi/q73YarcU3lA/hqdefault.jpg,PT1M7S,27005,637,12,public,UC4JX40jDee_tINbkjycV4Sg,Tech With Tim,"I'm Tim, a self-taught developer & entrepreneur who brings you educational tech content without the fluff and noise. I went from a broke dropout working at McDonalds to making $100k+/month as a developer, travelling the world and moving to Dubai all before the age of 22. I've since helped thousands of aspiring developers land their first software engineering role and assisted mid-level devs land jobs at companies like google.

Max landed his first developer job 3 weeks after going through my training.
Youssef was laid off and landed a new role in 2 months while working with me.
Jamario landing competing job offers before graduating college.

If you want to learn more you can click the first link and watch my free training on how we help developers who already know how to code get hired by top tech companies.
",CA,https://yt3.ggpht.com/ytc/AIdro_k15oXl74WcnpdL-uVBv6IHBgAfXEEnpUiS-IoEyV1auyY=s800-c-k-c0x00ffffff-no-rj,1910000,1739,UU4JX40jDee_tINbkjycV4Sg
8cf_bveteOE,"Finally, an AI Database That Actually Makes Sense","Create an Account to try Tiger Data for Free: https://tsdb.co/twt

I'm going to show you some of the coolest AI features that I've seen for working with databases this far, and it completely changes the game, especially for agent development. I explain how it works, how to set it up for yourself, and how you can start using it right away.

DevLaunch is my mentorship program where I personally help developers go beyond tutorials, build real-world projects, and actually land jobs. No fluff. Just real accountability, proven strategies, and hands-on guidance. Learn more here - https://training.devlaunch.us/tim?video=8cf_bveteOE

‚è≥ Timestamps ‚è≥
00:00 | Overview
01:39 | Demo 
05:10 | Setup & Tutorial
11:05 | Creating Sample Data
12:44 | Agentic Workflow Example

Hashtags
#TigerData #CursorAI #SoftwareEngineer",2025-11-13T13:45:12Z,"tech with tim, TigerData, Cursor AI, Software Engineer, ai database, vector search technology, mongodb vector database, software development tools, web app development, javascript programming, ai-powered databases, data search optimization, scalable databases, machine learning integration, database for developers, next-gen data storage, ai in software engineering, agentic postgres, postgres, instant forks, database, vector search, mcp server, agentic workflow",27,en,en-CA,https://i.ytimg.com/vi/8cf_bveteOE/default.jpg,https://i.ytimg.com/vi/8cf_bveteOE/hqdefault.jpg,PT16M7S,43308,381,26,public,UC4JX40jDee_tINbkjycV4Sg,Tech With Tim,"I'm Tim, a self-taught developer & entrepreneur who brings you educational tech content without the fluff and noise. I went from a broke dropout working at McDonalds to making $100k+/month as a developer, travelling the world and moving to Dubai all before the age of 22. I've since helped thousands of aspiring developers land their first software engineering role and assisted mid-level devs land jobs at companies like google.

Max landed his first developer job 3 weeks after going through my training.
Youssef was laid off and landed a new role in 2 months while working with me.
Jamario landing competing job offers before graduating college.

If you want to learn more you can click the first link and watch my free training on how we help developers who already know how to code get hired by top tech companies.
",CA,https://yt3.ggpht.com/ytc/AIdro_k15oXl74WcnpdL-uVBv6IHBgAfXEEnpUiS-IoEyV1auyY=s800-c-k-c0x00ffffff-no-rj,1910000,1739,UU4JX40jDee_tINbkjycV4Sg
cxAoYd3CXao,The Wispr too is a game changer!,"DevLaunch is my mentorship program where I personally help developers go beyond tutorials, build real-world projects, and actually land jobs. No fluff. Just real accountability, proven strategies, and hands-on guidance. Learn more here - https://training.devlaunch.us/tim

üéû Video Resources üéû

‚è≥ Timestamps ‚è≥

Hashtags",2025-11-12T20:38:14Z,tech with tim,27,en,en-CA,https://i.ytimg.com/vi/cxAoYd3CXao/default.jpg,https://i.ytimg.com/vi/cxAoYd3CXao/hqdefault.jpg,PT1M12S,18253,637,15,public,UC4JX40jDee_tINbkjycV4Sg,Tech With Tim,"I'm Tim, a self-taught developer & entrepreneur who brings you educational tech content without the fluff and noise. I went from a broke dropout working at McDonalds to making $100k+/month as a developer, travelling the world and moving to Dubai all before the age of 22. I've since helped thousands of aspiring developers land their first software engineering role and assisted mid-level devs land jobs at companies like google.

Max landed his first developer job 3 weeks after going through my training.
Youssef was laid off and landed a new role in 2 months while working with me.
Jamario landing competing job offers before graduating college.

If you want to learn more you can click the first link and watch my free training on how we help developers who already know how to code get hired by top tech companies.
",CA,https://yt3.ggpht.com/ytc/AIdro_k15oXl74WcnpdL-uVBv6IHBgAfXEEnpUiS-IoEyV1auyY=s800-c-k-c0x00ffffff-no-rj,1910000,1739,UU4JX40jDee_tINbkjycV4Sg
LWS51sLnL90,This makes me code 3x faster!,"DevLaunch is my mentorship program where I personally help developers go beyond tutorials, build real-world projects, and actually land jobs. No fluff. Just real accountability, proven strategies, and hands-on guidance. Learn more here - https://training.devlaunch.us/tim",2025-11-11T21:14:01Z,tech with tim,27,en,en-CA,https://i.ytimg.com/vi/LWS51sLnL90/default.jpg,https://i.ytimg.com/vi/LWS51sLnL90/hqdefault.jpg,PT1M9S,18030,586,13,public,UC4JX40jDee_tINbkjycV4Sg,Tech With Tim,"I'm Tim, a self-taught developer & entrepreneur who brings you educational tech content without the fluff and noise. I went from a broke dropout working at McDonalds to making $100k+/month as a developer, travelling the world and moving to Dubai all before the age of 22. I've since helped thousands of aspiring developers land their first software engineering role and assisted mid-level devs land jobs at companies like google.

Max landed his first developer job 3 weeks after going through my training.
Youssef was laid off and landed a new role in 2 months while working with me.
Jamario landing competing job offers before graduating college.

If you want to learn more you can click the first link and watch my free training on how we help developers who already know how to code get hired by top tech companies.
",CA,https://yt3.ggpht.com/ytc/AIdro_k15oXl74WcnpdL-uVBv6IHBgAfXEEnpUiS-IoEyV1auyY=s800-c-k-c0x00ffffff-no-rj,1910000,1739,UU4JX40jDee_tINbkjycV4Sg
YhmtBmyQt18,Python Skills You NEED Before Machine Learning,"üéì These are two of the best beginner-friendly Python Machine Learning resources I recommend:
üîπ  Python Data Fundamentals Track (Datacamp) (https://datacamp.pxf.io/ra7RyG)
üîπ  ML Scientist with Python Track (Datacamp) (https://datacamp.pxf.io/55VKGn)

üî• Get 25% OFF Datacamp with my exclusive link: https://datacamp.pxf.io/kOmVvM

If you want to get into machine learning, then you need to master certain python skills. This video provides a complete python roadmap, breaking down the programming skills that you need. This python tutorial will help you to learn python and prepare for data science.

DevLaunch is my mentorship program where I personally help developers go beyond tutorials, build real-world projects, and actually land jobs. No fluff. Just real accountability, proven strategies, and hands-on guidance. Learn more here - https://training.devlaunch.us/tim

‚è≥ Timestamps ‚è≥
00:00 | Overview
00:23 | Core Python Skills
01:26 | Data Handling & Analysis
02:33 | Interactive Learning & Resources
03:49 | Core SWE Tools
04:37 | Math (Optional)
05:18 | Machine Learning Foundations
06:08 | Deep Learning
06:55 | Real World ML
08:00 | LLMs (Bonus)
08:41 | Project & Portfolio

Hashtags
#Python #MachineLearning #SoftwareEngineer",2025-11-11T14:01:03Z,"tech with tim, python machine learning, machine learning tutorial, python ai development, machine learning course, machine learning skills, python data science, ml engineering, ai roadmap, data analysis python, machine learning projects, ai career guide, beginner machine learning, core python skills, data handling, interactive learning, swe tools, real world ml, llms, object oriented programming, lambdas, context managers, meta classes, git, github, PyTorch, FastAPI",27,en,en-CA,https://i.ytimg.com/vi/YhmtBmyQt18/default.jpg,https://i.ytimg.com/vi/YhmtBmyQt18/hqdefault.jpg,PT10M4S,17496,801,176,public,UC4JX40jDee_tINbkjycV4Sg,Tech With Tim,"I'm Tim, a self-taught developer & entrepreneur who brings you educational tech content without the fluff and noise. I went from a broke dropout working at McDonalds to making $100k+/month as a developer, travelling the world and moving to Dubai all before the age of 22. I've since helped thousands of aspiring developers land their first software engineering role and assisted mid-level devs land jobs at companies like google.

Max landed his first developer job 3 weeks after going through my training.
Youssef was laid off and landed a new role in 2 months while working with me.
Jamario landing competing job offers before graduating college.

If you want to learn more you can click the first link and watch my free training on how we help developers who already know how to code get hired by top tech companies.
",CA,https://yt3.ggpht.com/ytc/AIdro_k15oXl74WcnpdL-uVBv6IHBgAfXEEnpUiS-IoEyV1auyY=s800-c-k-c0x00ffffff-no-rj,1910000,1739,UU4JX40jDee_tINbkjycV4Sg
kENEXflpUGw,Building an AI agent in python!,"DevLaunch is my mentorship program where I personally help developers go beyond tutorials, build real-world projects, and actually land jobs. No fluff. Just real accountability, proven strategies, and hands-on guidance. Learn more here - https://training.devlaunch.us/tim

üéû Video Resources üéû

‚è≥ Timestamps ‚è≥

Hashtags",2025-11-10T19:55:30Z,tech with tim,27,en,en-CA,https://i.ytimg.com/vi/kENEXflpUGw/default.jpg,https://i.ytimg.com/vi/kENEXflpUGw/hqdefault.jpg,PT1M14S,23130,494,7,public,UC4JX40jDee_tINbkjycV4Sg,Tech With Tim,"I'm Tim, a self-taught developer & entrepreneur who brings you educational tech content without the fluff and noise. I went from a broke dropout working at McDonalds to making $100k+/month as a developer, travelling the world and moving to Dubai all before the age of 22. I've since helped thousands of aspiring developers land their first software engineering role and assisted mid-level devs land jobs at companies like google.

Max landed his first developer job 3 weeks after going through my training.
Youssef was laid off and landed a new role in 2 months while working with me.
Jamario landing competing job offers before graduating college.

If you want to learn more you can click the first link and watch my free training on how we help developers who already know how to code get hired by top tech companies.
",CA,https://yt3.ggpht.com/ytc/AIdro_k15oXl74WcnpdL-uVBv6IHBgAfXEEnpUiS-IoEyV1auyY=s800-c-k-c0x00ffffff-no-rj,1910000,1739,UU4JX40jDee_tINbkjycV4Sg
FDz1ZcvUWpI,The 3 roadmaps for you to cover in Python!,"DevLaunch is my mentorship program where I personally help developers go beyond tutorials, build real-world projects, and actually land jobs. No fluff. Just real accountability, proven strategies, and hands-on guidance. Learn more here - https://training.devlaunch.us/tim",2025-11-09T19:57:20Z,tech with tim,27,en,en-CA,https://i.ytimg.com/vi/FDz1ZcvUWpI/default.jpg,https://i.ytimg.com/vi/FDz1ZcvUWpI/hqdefault.jpg,PT54S,17878,566,11,public,UC4JX40jDee_tINbkjycV4Sg,Tech With Tim,"I'm Tim, a self-taught developer & entrepreneur who brings you educational tech content without the fluff and noise. I went from a broke dropout working at McDonalds to making $100k+/month as a developer, travelling the world and moving to Dubai all before the age of 22. I've since helped thousands of aspiring developers land their first software engineering role and assisted mid-level devs land jobs at companies like google.

Max landed his first developer job 3 weeks after going through my training.
Youssef was laid off and landed a new role in 2 months while working with me.
Jamario landing competing job offers before graduating college.

If you want to learn more you can click the first link and watch my free training on how we help developers who already know how to code get hired by top tech companies.
",CA,https://yt3.ggpht.com/ytc/AIdro_k15oXl74WcnpdL-uVBv6IHBgAfXEEnpUiS-IoEyV1auyY=s800-c-k-c0x00ffffff-no-rj,1910000,1739,UU4JX40jDee_tINbkjycV4Sg
KUPceyLgzeU,7 Python Anti Patterns to Avoid,"Get started with Airia today and register for a free account to start orchestrating your own AI agents: https://bit.ly/3KhdQOq

This video breaks down 7 Python Anti-Patterns that you need to avoid in your code. These patterns ""seem"" fine but can lead to devastating consequences if not handled properly.

DevLaunch is my mentorship program where I personally help developers go beyond tutorials, build real-world projects, and actually land jobs. No fluff. Just real accountability, proven strategies, and hands-on guidance. Learn more here - https://training.devlaunch.us/tim

üéû Video Resources üéû
Logging Video: https://www.youtube.com/watch?v=urrfJgHwIJA

‚è≥ Timestamps ‚è≥
00:00 | Overview
00:31 | Pattern 1
04:10 | Pattern 2
08:19 | Pattern 3 
10:50 | Pattern 4 
13:55 | Pattern 5
16:25 | Pattern 6
18:34 | Pattern 7

Hashtags
#Python #AntiPatterns #SoftwareEngineer",2025-11-08T18:52:26Z,"tech with tim, python, python syntax, time complexity, big-o notation, double equal sign, list comprehensions, dictionary comprehension, generator expression, context managers, file operations, logging, library utilities, mutable default arguements, python anti patterns, python coding mistakes, python developer tips, avoid anti patterns, python programming tips, software engineering anti patterns, advanced python tips, python troubleshooting",27,en,en-CA,https://i.ytimg.com/vi/KUPceyLgzeU/default.jpg,https://i.ytimg.com/vi/KUPceyLgzeU/hqdefault.jpg,PT21M56S,20835,712,48,public,UC4JX40jDee_tINbkjycV4Sg,Tech With Tim,"I'm Tim, a self-taught developer & entrepreneur who brings you educational tech content without the fluff and noise. I went from a broke dropout working at McDonalds to making $100k+/month as a developer, travelling the world and moving to Dubai all before the age of 22. I've since helped thousands of aspiring developers land their first software engineering role and assisted mid-level devs land jobs at companies like google.

Max landed his first developer job 3 weeks after going through my training.
Youssef was laid off and landed a new role in 2 months while working with me.
Jamario landing competing job offers before graduating college.

If you want to learn more you can click the first link and watch my free training on how we help developers who already know how to code get hired by top tech companies.
",CA,https://yt3.ggpht.com/ytc/AIdro_k15oXl74WcnpdL-uVBv6IHBgAfXEEnpUiS-IoEyV1auyY=s800-c-k-c0x00ffffff-no-rj,1910000,1739,UU4JX40jDee_tINbkjycV4Sg
EibDfhzNvzg,3 things you have to do as a programmer!,"DevLaunch is my mentorship program where I personally help developers go beyond tutorials, build real-world projects, and actually land jobs. No fluff. Just real accountability, proven strategies, and hands-on guidance. Learn more here - https://training.devlaunch.us/tim",2025-11-08T15:40:31Z,tech with tim,27,en,en-CA,https://i.ytimg.com/vi/EibDfhzNvzg/default.jpg,https://i.ytimg.com/vi/EibDfhzNvzg/hqdefault.jpg,PT1M28S,11960,353,8,public,UC4JX40jDee_tINbkjycV4Sg,Tech With Tim,"I'm Tim, a self-taught developer & entrepreneur who brings you educational tech content without the fluff and noise. I went from a broke dropout working at McDonalds to making $100k+/month as a developer, travelling the world and moving to Dubai all before the age of 22. I've since helped thousands of aspiring developers land their first software engineering role and assisted mid-level devs land jobs at companies like google.

Max landed his first developer job 3 weeks after going through my training.
Youssef was laid off and landed a new role in 2 months while working with me.
Jamario landing competing job offers before graduating college.

If you want to learn more you can click the first link and watch my free training on how we help developers who already know how to code get hired by top tech companies.
",CA,https://yt3.ggpht.com/ytc/AIdro_k15oXl74WcnpdL-uVBv6IHBgAfXEEnpUiS-IoEyV1auyY=s800-c-k-c0x00ffffff-no-rj,1910000,1739,UU4JX40jDee_tINbkjycV4Sg
Z7Wg1tdgx9I,"If you're a software developer, watch this video!","DevLaunch is my mentorship program where I personally help developers go beyond tutorials, build real-world projects, and actually land jobs. No fluff. Just real accountability, proven strategies, and hands-on guidance. Learn more here - https://training.devlaunch.us/tim",2025-11-07T18:38:07Z,tech with tim,27,en,en-CA,https://i.ytimg.com/vi/Z7Wg1tdgx9I/default.jpg,https://i.ytimg.com/vi/Z7Wg1tdgx9I/hqdefault.jpg,PT1M33S,32447,1041,18,public,UC4JX40jDee_tINbkjycV4Sg,Tech With Tim,"I'm Tim, a self-taught developer & entrepreneur who brings you educational tech content without the fluff and noise. I went from a broke dropout working at McDonalds to making $100k+/month as a developer, travelling the world and moving to Dubai all before the age of 22. I've since helped thousands of aspiring developers land their first software engineering role and assisted mid-level devs land jobs at companies like google.

Max landed his first developer job 3 weeks after going through my training.
Youssef was laid off and landed a new role in 2 months while working with me.
Jamario landing competing job offers before graduating college.

If you want to learn more you can click the first link and watch my free training on how we help developers who already know how to code get hired by top tech companies.
",CA,https://yt3.ggpht.com/ytc/AIdro_k15oXl74WcnpdL-uVBv6IHBgAfXEEnpUiS-IoEyV1auyY=s800-c-k-c0x00ffffff-no-rj,1910000,1739,UU4JX40jDee_tINbkjycV4Sg
N0go7bRXvfs,The only way you will stay motivated as a programer.,"DevLaunch is my mentorship program where I personally help developers go beyond tutorials, build real-world projects, and actually land jobs. No fluff. Just real accountability, proven strategies, and hands-on guidance. Learn more here - https://training.devlaunch.us/tim",2025-11-06T16:30:12Z,tech with tim,27,en,en-CA,https://i.ytimg.com/vi/N0go7bRXvfs/default.jpg,https://i.ytimg.com/vi/N0go7bRXvfs/hqdefault.jpg,PT55S,15486,711,14,public,UC4JX40jDee_tINbkjycV4Sg,Tech With Tim,"I'm Tim, a self-taught developer & entrepreneur who brings you educational tech content without the fluff and noise. I went from a broke dropout working at McDonalds to making $100k+/month as a developer, travelling the world and moving to Dubai all before the age of 22. I've since helped thousands of aspiring developers land their first software engineering role and assisted mid-level devs land jobs at companies like google.

Max landed his first developer job 3 weeks after going through my training.
Youssef was laid off and landed a new role in 2 months while working with me.
Jamario landing competing job offers before graduating college.

If you want to learn more you can click the first link and watch my free training on how we help developers who already know how to code get hired by top tech companies.
",CA,https://yt3.ggpht.com/ytc/AIdro_k15oXl74WcnpdL-uVBv6IHBgAfXEEnpUiS-IoEyV1auyY=s800-c-k-c0x00ffffff-no-rj,1910000,1739,UU4JX40jDee_tINbkjycV4Sg
WPBXvDS-UEo,Is This the Fastest App Build Ever? (Base44 Demo),"In this video, I'm going to attempt to clone Airbnb in just ten minutes and get to a functional prototype. Of course, I'm going to be using AI and the platform I'm going to be testing in this video is Base 44.

Get started with Base44: https://base44.pxf.io/c/5252479/2049275/25619?trafcat=base

DevLaunch is my mentorship program where I personally help developers go beyond tutorials, build real-world projects, and actually land jobs. No fluff. Just real accountability, proven strategies, and hands-on guidance. Learn more here - https://training.devlaunch.us/tim?video=WPBXvDS-UEo

‚è≥ Timestamps ‚è≥
00:00 | Overview & Base44
01:25 | Prompting & Creation
06:00 | Analytics and Deployment

Hashtags
#Base44 #AIAgents #SoftwareEngineer",2025-11-06T13:01:06Z,"tech with tim, ai app builder, no code app development, base44 ai app, clone airbnb app, ai app creation tutorial, how to build ai apps, ai app builder demo, ai app development, ai tools for apps, build ios app with ai, base44 review, ai app builder review, ai app creation no code, top ai app builders, create ai apps easily, fast ai app builder, innovative ai app tools",27,en,en-CA,https://i.ytimg.com/vi/WPBXvDS-UEo/default.jpg,https://i.ytimg.com/vi/WPBXvDS-UEo/hqdefault.jpg,PT9M21S,18796,488,66,public,UC4JX40jDee_tINbkjycV4Sg,Tech With Tim,"I'm Tim, a self-taught developer & entrepreneur who brings you educational tech content without the fluff and noise. I went from a broke dropout working at McDonalds to making $100k+/month as a developer, travelling the world and moving to Dubai all before the age of 22. I've since helped thousands of aspiring developers land their first software engineering role and assisted mid-level devs land jobs at companies like google.

Max landed his first developer job 3 weeks after going through my training.
Youssef was laid off and landed a new role in 2 months while working with me.
Jamario landing competing job offers before graduating college.

If you want to learn more you can click the first link and watch my free training on how we help developers who already know how to code get hired by top tech companies.
",CA,https://yt3.ggpht.com/ytc/AIdro_k15oXl74WcnpdL-uVBv6IHBgAfXEEnpUiS-IoEyV1auyY=s800-c-k-c0x00ffffff-no-rj,1910000,1739,UU4JX40jDee_tINbkjycV4Sg
GUJuidMl5ls,Check the description for my full blueprint on how to land a high paying developer job.,"DevLaunch is my mentorship program where I personally help developers go beyond tutorials, build real-world projects, and actually land jobs. No fluff. Just real accountability, proven strategies, and hands-on guidance. Learn more here - https://training.devlaunch.us/tim",2025-11-05T18:15:01Z,tech with tim,27,en,en-CA,https://i.ytimg.com/vi/GUJuidMl5ls/default.jpg,https://i.ytimg.com/vi/GUJuidMl5ls/hqdefault.jpg,PT46S,36243,714,28,public,UC4JX40jDee_tINbkjycV4Sg,Tech With Tim,"I'm Tim, a self-taught developer & entrepreneur who brings you educational tech content without the fluff and noise. I went from a broke dropout working at McDonalds to making $100k+/month as a developer, travelling the world and moving to Dubai all before the age of 22. I've since helped thousands of aspiring developers land their first software engineering role and assisted mid-level devs land jobs at companies like google.

Max landed his first developer job 3 weeks after going through my training.
Youssef was laid off and landed a new role in 2 months while working with me.
Jamario landing competing job offers before graduating college.

If you want to learn more you can click the first link and watch my free training on how we help developers who already know how to code get hired by top tech companies.
",CA,https://yt3.ggpht.com/ytc/AIdro_k15oXl74WcnpdL-uVBv6IHBgAfXEEnpUiS-IoEyV1auyY=s800-c-k-c0x00ffffff-no-rj,1910000,1739,UU4JX40jDee_tINbkjycV4Sg
aEivWuMUjzM,How to create a safe LLM on your computer.,"DevLaunch is my mentorship program where I personally help developers go beyond tutorials, build real-world projects, and actually land jobs. No fluff. Just real accountability, proven strategies, and hands-on guidance. Learn more here - https://training.devlaunch.us/tim

üéû Video Resources üéû

‚è≥ Timestamps ‚è≥

Hashtags",2025-11-04T19:51:18Z,tech with tim,27,en,en-CA,https://i.ytimg.com/vi/aEivWuMUjzM/default.jpg,https://i.ytimg.com/vi/aEivWuMUjzM/hqdefault.jpg,PT54S,19219,543,4,public,UC4JX40jDee_tINbkjycV4Sg,Tech With Tim,"I'm Tim, a self-taught developer & entrepreneur who brings you educational tech content without the fluff and noise. I went from a broke dropout working at McDonalds to making $100k+/month as a developer, travelling the world and moving to Dubai all before the age of 22. I've since helped thousands of aspiring developers land their first software engineering role and assisted mid-level devs land jobs at companies like google.

Max landed his first developer job 3 weeks after going through my training.
Youssef was laid off and landed a new role in 2 months while working with me.
Jamario landing competing job offers before graduating college.

If you want to learn more you can click the first link and watch my free training on how we help developers who already know how to code get hired by top tech companies.
",CA,https://yt3.ggpht.com/ytc/AIdro_k15oXl74WcnpdL-uVBv6IHBgAfXEEnpUiS-IoEyV1auyY=s800-c-k-c0x00ffffff-no-rj,1910000,1739,UU4JX40jDee_tINbkjycV4Sg
g93XqSRxcAs,OpenAI‚Äôs New Agent Builder is Insane - Full Tutorial,"Get started with Rube today: https://rube.app/?utm_source=Social&utm_medium=Youtube&utm_campaign=2025-09&utm_content=Tech%20with%20Tim

Today I'm having a look at OpenAI's new agent builder. You can create some really interesting agents. I've been messing around with it, seeing what it's capable of and building a few agents of my own. I want to give you a quick demo and tutorial, and then share with you my thoughts.

DevLaunch is my mentorship program where I personally help developers go beyond tutorials, build real-world projects, and actually land jobs. No fluff. Just real accountability, proven strategies, and hands-on guidance. Learn more here - https://training.devlaunch.us/tim?video=g93XqSRxcAs

üéû Video Resources üéû
OpenAI Agent Builder: https://platform.openai.com/docs/guides/agent-builder

‚è≥ Timestamps ‚è≥
00:00 | Agent Builder Intro
01:00 | AgentKit Announcement & Info
05:21 | Advanced Agent Demo
09:29 | Tutorial & Agent Build 

Hashtags
#OpenAI #AgentBuilder #SoftwareEngineer",2025-11-04T13:59:12Z,"tech with tim, openai, agent builder, ai tutorial, openai agent, ai development, machine learning, ai tools, automation, ai programming, ai workflow, ai platform, tech tutorial, ai integration, artificial intelligence, ai customization, AgentKit, listviews, LLMs, OpenAI, ChatGPT",27,en,en-CA,https://i.ytimg.com/vi/g93XqSRxcAs/default.jpg,https://i.ytimg.com/vi/g93XqSRxcAs/hqdefault.jpg,PT30M45S,150215,417,19,public,UC4JX40jDee_tINbkjycV4Sg,Tech With Tim,"I'm Tim, a self-taught developer & entrepreneur who brings you educational tech content without the fluff and noise. I went from a broke dropout working at McDonalds to making $100k+/month as a developer, travelling the world and moving to Dubai all before the age of 22. I've since helped thousands of aspiring developers land their first software engineering role and assisted mid-level devs land jobs at companies like google.

Max landed his first developer job 3 weeks after going through my training.
Youssef was laid off and landed a new role in 2 months while working with me.
Jamario landing competing job offers before graduating college.

If you want to learn more you can click the first link and watch my free training on how we help developers who already know how to code get hired by top tech companies.
",CA,https://yt3.ggpht.com/ytc/AIdro_k15oXl74WcnpdL-uVBv6IHBgAfXEEnpUiS-IoEyV1auyY=s800-c-k-c0x00ffffff-no-rj,1910000,1739,UU4JX40jDee_tINbkjycV4Sg
oZICi5W8JIo,Have you used Langchain before?,"DevLaunch is my mentorship program where I personally help developers go beyond tutorials, build real-world projects, and actually land jobs. No fluff. Just real accountability, proven strategies, and hands-on guidance. Learn more here - https://training.devlaunch.us/tim",2025-11-03T22:48:13Z,tech with tim,27,en,en-CA,https://i.ytimg.com/vi/oZICi5W8JIo/default.jpg,https://i.ytimg.com/vi/oZICi5W8JIo/hqdefault.jpg,PT36S,25012,561,6,public,UC4JX40jDee_tINbkjycV4Sg,Tech With Tim,"I'm Tim, a self-taught developer & entrepreneur who brings you educational tech content without the fluff and noise. I went from a broke dropout working at McDonalds to making $100k+/month as a developer, travelling the world and moving to Dubai all before the age of 22. I've since helped thousands of aspiring developers land their first software engineering role and assisted mid-level devs land jobs at companies like google.

Max landed his first developer job 3 weeks after going through my training.
Youssef was laid off and landed a new role in 2 months while working with me.
Jamario landing competing job offers before graduating college.

If you want to learn more you can click the first link and watch my free training on how we help developers who already know how to code get hired by top tech companies.
",CA,https://yt3.ggpht.com/ytc/AIdro_k15oXl74WcnpdL-uVBv6IHBgAfXEEnpUiS-IoEyV1auyY=s800-c-k-c0x00ffffff-no-rj,1910000,1739,UU4JX40jDee_tINbkjycV4Sg
T1TmHvJBUcE,What is a decorator in Python?,"DevLaunch is my mentorship program where I personally help developers go beyond tutorials, build real-world projects, and actually land jobs. No fluff. Just real accountability, proven strategies, and hands-on guidance. Learn more here - https://training.devlaunch.us/tim

üéû Video Resources üéû

‚è≥ Timestamps ‚è≥

Hashtags",2025-11-02T19:50:42Z,tech with tim,27,en,en-CA,https://i.ytimg.com/vi/T1TmHvJBUcE/default.jpg,https://i.ytimg.com/vi/T1TmHvJBUcE/hqdefault.jpg,PT55S,22818,415,8,public,UC4JX40jDee_tINbkjycV4Sg,Tech With Tim,"I'm Tim, a self-taught developer & entrepreneur who brings you educational tech content without the fluff and noise. I went from a broke dropout working at McDonalds to making $100k+/month as a developer, travelling the world and moving to Dubai all before the age of 22. I've since helped thousands of aspiring developers land their first software engineering role and assisted mid-level devs land jobs at companies like google.

Max landed his first developer job 3 weeks after going through my training.
Youssef was laid off and landed a new role in 2 months while working with me.
Jamario landing competing job offers before graduating college.

If you want to learn more you can click the first link and watch my free training on how we help developers who already know how to code get hired by top tech companies.
",CA,https://yt3.ggpht.com/ytc/AIdro_k15oXl74WcnpdL-uVBv6IHBgAfXEEnpUiS-IoEyV1auyY=s800-c-k-c0x00ffffff-no-rj,1910000,1739,UU4JX40jDee_tINbkjycV4Sg
FLAzwdj2Ncw,Powerful advice from a proffesional developer.,"DevLaunch is my mentorship program where I personally help developers go beyond tutorials, build real-world projects, and actually land jobs. No fluff. Just real accountability, proven strategies, and hands-on guidance. Learn more here - https://training.devlaunch.us/tim",2025-11-01T20:15:33Z,tech with tim,27,en,en-CA,https://i.ytimg.com/vi/FLAzwdj2Ncw/default.jpg,https://i.ytimg.com/vi/FLAzwdj2Ncw/hqdefault.jpg,PT59S,22922,716,9,public,UC4JX40jDee_tINbkjycV4Sg,Tech With Tim,"I'm Tim, a self-taught developer & entrepreneur who brings you educational tech content without the fluff and noise. I went from a broke dropout working at McDonalds to making $100k+/month as a developer, travelling the world and moving to Dubai all before the age of 22. I've since helped thousands of aspiring developers land their first software engineering role and assisted mid-level devs land jobs at companies like google.

Max landed his first developer job 3 weeks after going through my training.
Youssef was laid off and landed a new role in 2 months while working with me.
Jamario landing competing job offers before graduating college.

If you want to learn more you can click the first link and watch my free training on how we help developers who already know how to code get hired by top tech companies.
",CA,https://yt3.ggpht.com/ytc/AIdro_k15oXl74WcnpdL-uVBv6IHBgAfXEEnpUiS-IoEyV1auyY=s800-c-k-c0x00ffffff-no-rj,1910000,1739,UU4JX40jDee_tINbkjycV4Sg
cliZ-VzQxkE,I Let 3 AIs Compete to Build the Same App‚Ä¶,"Today, I'm putting three of the most hyped AI coding platforms to the test: Blitzy, Devin, and Factory AI. Now, each of these tools take a slightly different approach to building software. I'm going to give all three of them the exact same real world task, something the developers actually do in companies all the time. We're going to see which platform performs the best, and how much effort it takes from my end, the programmer.

DevLaunch is my mentorship program where I personally help developers go beyond tutorials, build real-world projects, and actually land jobs. No fluff. Just real accountability, proven strategies, and hands-on guidance. Learn more here - https://training.devlaunch.us/tim?video=cliZ-VzQxkE

üéû Video Resources üéû
Blitzy: https://blitzy.com/?utm_source=YouTube&utm_medium=Social&utm_campaign=Tech%20with%20Tim
Factory: https://factory.ai/
Devin: https://devin.ai/

AWS Card Demo Repo: https://aws.amazon.com/blogs/opensource/introducing-open-source-aws-carddemo-for-mainframe-modernization/
Blitzy SWE Bench: https://paper.blitzy.com/blitzy_system_2_ai_platform_topping_swe_bench_verified.pdf
Devin SWE Bench: https://cognition.ai/blog/swe-bench-technical-report
Factory SWE Bench: https://factory.ai/news/code-droid-technical-report

‚è≥ Timestamps ‚è≥
00:00 | Overview
00:52 | Demo Task
02:31 | Prompt
03:20 | SWE Bench Results
05:50 | Blitzy
11:35 | Devin
15:58 | Factory

Hashtags
#BlitzyAI #CognitionDevin #FactoryAI",2025-11-01T13:58:04Z,"tech with tim, ai platforms, blitzy ai, devin ai, factory ai, best ai platform, ai comparison, ai tools review, ai technology, ai software, ai debate, ai showcase, ai solutions, ai performance, ai industry, ai innovation, Amazon Web Service, software engineer, refactoring, backlog cleanup, AWS CardDemo, COBOL, CICS, VSAM, JCL, SWE bench, software engineering benchmark, documentation",27,en,en-CA,https://i.ytimg.com/vi/cliZ-VzQxkE/default.jpg,https://i.ytimg.com/vi/cliZ-VzQxkE/hqdefault.jpg,PT21M45S,1937717,526,28,public,UC4JX40jDee_tINbkjycV4Sg,Tech With Tim,"I'm Tim, a self-taught developer & entrepreneur who brings you educational tech content without the fluff and noise. I went from a broke dropout working at McDonalds to making $100k+/month as a developer, travelling the world and moving to Dubai all before the age of 22. I've since helped thousands of aspiring developers land their first software engineering role and assisted mid-level devs land jobs at companies like google.

Max landed his first developer job 3 weeks after going through my training.
Youssef was laid off and landed a new role in 2 months while working with me.
Jamario landing competing job offers before graduating college.

If you want to learn more you can click the first link and watch my free training on how we help developers who already know how to code get hired by top tech companies.
",CA,https://yt3.ggpht.com/ytc/AIdro_k15oXl74WcnpdL-uVBv6IHBgAfXEEnpUiS-IoEyV1auyY=s800-c-k-c0x00ffffff-no-rj,1910000,1739,UU4JX40jDee_tINbkjycV4Sg
1-Ic_HtNS_U,Should you use AI as a beginner developer?,"DevLaunch is my mentorship program where I personally help developers go beyond tutorials, build real-world projects, and actually land jobs. No fluff. Just real accountability, proven strategies, and hands-on guidance. Learn more here - https://training.devlaunch.us/tim",2025-10-31T21:26:18Z,tech with tim,27,en,en-CA,https://i.ytimg.com/vi/1-Ic_HtNS_U/default.jpg,https://i.ytimg.com/vi/1-Ic_HtNS_U/hqdefault.jpg,PT49S,16400,403,16,public,UC4JX40jDee_tINbkjycV4Sg,Tech With Tim,"I'm Tim, a self-taught developer & entrepreneur who brings you educational tech content without the fluff and noise. I went from a broke dropout working at McDonalds to making $100k+/month as a developer, travelling the world and moving to Dubai all before the age of 22. I've since helped thousands of aspiring developers land their first software engineering role and assisted mid-level devs land jobs at companies like google.

Max landed his first developer job 3 weeks after going through my training.
Youssef was laid off and landed a new role in 2 months while working with me.
Jamario landing competing job offers before graduating college.

If you want to learn more you can click the first link and watch my free training on how we help developers who already know how to code get hired by top tech companies.
",CA,https://yt3.ggpht.com/ytc/AIdro_k15oXl74WcnpdL-uVBv6IHBgAfXEEnpUiS-IoEyV1auyY=s800-c-k-c0x00ffffff-no-rj,1910000,1739,UU4JX40jDee_tINbkjycV4Sg
Rq9GYPPkwPY,Is college ACTUALLY worth it?,"DevLaunch is my mentorship program where I personally help developers go beyond tutorials, build real-world projects, and actually land jobs. No fluff. Just real accountability, proven strategies, and hands-on guidance. Learn more here - https://training.devlaunch.us/tim",2025-10-30T19:24:22Z,tech with tim,27,en,en-CA,https://i.ytimg.com/vi/Rq9GYPPkwPY/default.jpg,https://i.ytimg.com/vi/Rq9GYPPkwPY/hqdefault.jpg,PT45S,11392,237,7,public,UC4JX40jDee_tINbkjycV4Sg,Tech With Tim,"I'm Tim, a self-taught developer & entrepreneur who brings you educational tech content without the fluff and noise. I went from a broke dropout working at McDonalds to making $100k+/month as a developer, travelling the world and moving to Dubai all before the age of 22. I've since helped thousands of aspiring developers land their first software engineering role and assisted mid-level devs land jobs at companies like google.

Max landed his first developer job 3 weeks after going through my training.
Youssef was laid off and landed a new role in 2 months while working with me.
Jamario landing competing job offers before graduating college.

If you want to learn more you can click the first link and watch my free training on how we help developers who already know how to code get hired by top tech companies.
",CA,https://yt3.ggpht.com/ytc/AIdro_k15oXl74WcnpdL-uVBv6IHBgAfXEEnpUiS-IoEyV1auyY=s800-c-k-c0x00ffffff-no-rj,1910000,1739,UU4JX40jDee_tINbkjycV4Sg
SR5NYCdzKkc,Learn Fast API With This ONE Project,"ImageKit is an image and video API plus AI-Powered DAM that we use in this project to handle all of our image and video operations, check it out here: https://tinyurl.com/bdf3mxxx

I'll teach you Fast API by working through a real project. I'll go over everything from the absolute basics to some more advanced concepts like setting up authentication, logging in various users, connecting to a database, and all of the components that you actually need if you want to build a real production grade application. This video is not designed for absolute beginners.

DevLaunch is my mentorship program where I personally help developers go beyond tutorials, build real-world projects, and actually land jobs. No fluff. Just real accountability, proven strategies, and hands-on guidance. Learn more here - https://training.devlaunch.us/tim?video=SR5NYCdzKkc

üéû Video Resources üéû
ImageKit:  https://tinyurl.com/bdf3mxxx
ImageKit Docs: https://imagekit.io/docs/integration/python#generating-url-for-rendering-images-in-python-app
FastAPI Users Docs: https://fastapi-users.github.io/fastapi-users/latest/
Code in this video: https://github.com/techwithtim/FastAPIPhotoVideoSharing
UV Tutorial: https://www.youtube.com/watch?v=6pttmsBSi8M

‚è≥ Timestamps ‚è≥
00:00:00 | Video Overview
00:00:35 | Project Demo
00:01:58 | Web App Architecture & Theory
00:14:07 | Project Setup & Install
00:20:45 | FastAPI Setup & Basics
00:28:10 | FastAPI Docs
00:30:10 | GET & Fetching Posts
00:32:25 | Path Parameters
00:33:49 | Raising Errors & Status Codes
00:34:56 | Query Parameter
00:38:34 | Request Body & POST
00:43:28 | Output Type & Pydantic Models
00:46:30 | Database Connection
00:59:57 | Creating Posts & Saving to Database
01:05:22 | Retrieving from Database
01:10:27 | Image & Video Upload (ImageKit)
01:27:08 | Deleting Posts
01:30:54 | User Authentication and JWT Tokens
01:52:02 | Protecting Endpoints
01:58:00 | Streamlit Frontend

Hashtags
#FastAPI #ImageKit #SoftwareEngineer",2025-10-30T13:26:08Z,"tech with tim, fastapi tutorial, fastapi project, python api development, building apis with fastapi, fastapi routing, fastapi path parameters, fastapi response modeling, fastapi interactive docs, python web framework, python backend development, creating rest apis, fastapi for beginners, python api tutorial, developing web apps with fastapi, fastapi deployment, async python apis, ImageKit",27,en,en-CA,https://i.ytimg.com/vi/SR5NYCdzKkc/default.jpg,https://i.ytimg.com/vi/SR5NYCdzKkc/hqdefault.jpg,PT2H5M44S,60303,2027,160,public,UC4JX40jDee_tINbkjycV4Sg,Tech With Tim,"I'm Tim, a self-taught developer & entrepreneur who brings you educational tech content without the fluff and noise. I went from a broke dropout working at McDonalds to making $100k+/month as a developer, travelling the world and moving to Dubai all before the age of 22. I've since helped thousands of aspiring developers land their first software engineering role and assisted mid-level devs land jobs at companies like google.

Max landed his first developer job 3 weeks after going through my training.
Youssef was laid off and landed a new role in 2 months while working with me.
Jamario landing competing job offers before graduating college.

If you want to learn more you can click the first link and watch my free training on how we help developers who already know how to code get hired by top tech companies.
",CA,https://yt3.ggpht.com/ytc/AIdro_k15oXl74WcnpdL-uVBv6IHBgAfXEEnpUiS-IoEyV1auyY=s800-c-k-c0x00ffffff-no-rj,1910000,1739,UU4JX40jDee_tINbkjycV4Sg
kV37p-VLh9s,Make sure you code is as portable as possible.,"DevLaunch is my mentorship program where I personally help developers go beyond tutorials, build real-world projects, and actually land jobs. No fluff. Just real accountability, proven strategies, and hands-on guidance. Learn more here - https://training.devlaunch.us/tim",2025-10-29T18:54:39Z,tech with tim,27,en,en-CA,https://i.ytimg.com/vi/kV37p-VLh9s/default.jpg,https://i.ytimg.com/vi/kV37p-VLh9s/hqdefault.jpg,PT1M18S,29501,881,9,public,UC4JX40jDee_tINbkjycV4Sg,Tech With Tim,"I'm Tim, a self-taught developer & entrepreneur who brings you educational tech content without the fluff and noise. I went from a broke dropout working at McDonalds to making $100k+/month as a developer, travelling the world and moving to Dubai all before the age of 22. I've since helped thousands of aspiring developers land their first software engineering role and assisted mid-level devs land jobs at companies like google.

Max landed his first developer job 3 weeks after going through my training.
Youssef was laid off and landed a new role in 2 months while working with me.
Jamario landing competing job offers before graduating college.

If you want to learn more you can click the first link and watch my free training on how we help developers who already know how to code get hired by top tech companies.
",CA,https://yt3.ggpht.com/ytc/AIdro_k15oXl74WcnpdL-uVBv6IHBgAfXEEnpUiS-IoEyV1auyY=s800-c-k-c0x00ffffff-no-rj,1910000,1739,UU4JX40jDee_tINbkjycV4Sg
PAiT0Hg_R1Y,Make sure you follow this backend developer roadmap!,"DevLaunch is my mentorship program where I personally help developers go beyond tutorials, build real-world projects, and actually land jobs. No fluff. Just real accountability, proven strategies, and hands-on guidance. Learn more here - https://training.devlaunch.us/tim",2025-10-28T19:29:33Z,tech with tim,27,en,en-CA,https://i.ytimg.com/vi/PAiT0Hg_R1Y/default.jpg,https://i.ytimg.com/vi/PAiT0Hg_R1Y/hqdefault.jpg,PT1M21S,28323,1233,20,public,UC4JX40jDee_tINbkjycV4Sg,Tech With Tim,"I'm Tim, a self-taught developer & entrepreneur who brings you educational tech content without the fluff and noise. I went from a broke dropout working at McDonalds to making $100k+/month as a developer, travelling the world and moving to Dubai all before the age of 22. I've since helped thousands of aspiring developers land their first software engineering role and assisted mid-level devs land jobs at companies like google.

Max landed his first developer job 3 weeks after going through my training.
Youssef was laid off and landed a new role in 2 months while working with me.
Jamario landing competing job offers before graduating college.

If you want to learn more you can click the first link and watch my free training on how we help developers who already know how to code get hired by top tech companies.
",CA,https://yt3.ggpht.com/ytc/AIdro_k15oXl74WcnpdL-uVBv6IHBgAfXEEnpUiS-IoEyV1auyY=s800-c-k-c0x00ffffff-no-rj,1910000,1739,UU4JX40jDee_tINbkjycV4Sg
e0FvoOtdAQc,3 Unique Python Features You NEED To Know,"üëâ To learn for free on Brilliant, go to https://brilliant.org/techwithtim . Brilliant‚Äôs also given our viewers 20% off an annual Premium subscription, which gives you unlimited daily access to everything on Brilliant. 

Python is definitely an interesting language that has many unique features. However, many of these features are never actually used out in the wild because people simply don't know they exist. So in this video, I'm going to go over some more modern and relatively new Python features that I rarely see used that I think are interesting and that you should definitely know about.

DevLaunch is my mentorship program where I personally help developers go beyond tutorials, build real-world projects, and actually land jobs. No fluff. Just real accountability, proven strategies, and hands-on guidance. Learn more here - https://training.devlaunch.us/tim?video=e0FvoOtdAQc

‚è≥ Timestamps ‚è≥
00:00 | Match Statement
04:24 | Dataclasses
08:47 | Positional & Keyword ONLY Arguments 

Hashtags
#Python #Brilliant #SoftwareEngineer",2025-10-28T13:55:52Z,"tech with tim, Python, python match statement, python dataclasses, python arguements, switch statement, programming languages, python keyword arguments, python positional arguments, python parameters, APIs, data classes, python coding, python programming, advanced python, learn python, software engineering",27,en,en-CA,https://i.ytimg.com/vi/e0FvoOtdAQc/default.jpg,https://i.ytimg.com/vi/e0FvoOtdAQc/hqdefault.jpg,PT16M2S,15827,556,26,public,UC4JX40jDee_tINbkjycV4Sg,Tech With Tim,"I'm Tim, a self-taught developer & entrepreneur who brings you educational tech content without the fluff and noise. I went from a broke dropout working at McDonalds to making $100k+/month as a developer, travelling the world and moving to Dubai all before the age of 22. I've since helped thousands of aspiring developers land their first software engineering role and assisted mid-level devs land jobs at companies like google.

Max landed his first developer job 3 weeks after going through my training.
Youssef was laid off and landed a new role in 2 months while working with me.
Jamario landing competing job offers before graduating college.

If you want to learn more you can click the first link and watch my free training on how we help developers who already know how to code get hired by top tech companies.
",CA,https://yt3.ggpht.com/ytc/AIdro_k15oXl74WcnpdL-uVBv6IHBgAfXEEnpUiS-IoEyV1auyY=s800-c-k-c0x00ffffff-no-rj,1910000,1739,UU4JX40jDee_tINbkjycV4Sg
YwrapdgMKqI,The first things you need to look at as a data scientist!,"DevLaunch is my mentorship program where I personally help developers go beyond tutorials, build real-world projects, and actually land jobs. No fluff. Just real accountability, proven strategies, and hands-on guidance. Learn more here - https://training.devlaunch.us/tim",2025-10-27T19:18:07Z,tech with tim,27,en,en-CA,https://i.ytimg.com/vi/YwrapdgMKqI/default.jpg,https://i.ytimg.com/vi/YwrapdgMKqI/hqdefault.jpg,PT53S,19591,475,2,public,UC4JX40jDee_tINbkjycV4Sg,Tech With Tim,"I'm Tim, a self-taught developer & entrepreneur who brings you educational tech content without the fluff and noise. I went from a broke dropout working at McDonalds to making $100k+/month as a developer, travelling the world and moving to Dubai all before the age of 22. I've since helped thousands of aspiring developers land their first software engineering role and assisted mid-level devs land jobs at companies like google.

Max landed his first developer job 3 weeks after going through my training.
Youssef was laid off and landed a new role in 2 months while working with me.
Jamario landing competing job offers before graduating college.

If you want to learn more you can click the first link and watch my free training on how we help developers who already know how to code get hired by top tech companies.
",CA,https://yt3.ggpht.com/ytc/AIdro_k15oXl74WcnpdL-uVBv6IHBgAfXEEnpUiS-IoEyV1auyY=s800-c-k-c0x00ffffff-no-rj,1910000,1739,UU4JX40jDee_tINbkjycV4Sg
qvpbO5Y9jN0,Starting our AI agent!,"DevLaunch is my mentorship program where I personally help developers go beyond tutorials, build real-world projects, and actually land jobs. No fluff. Just real accountability, proven strategies, and hands-on guidance. Learn more here - https://training.devlaunch.us/tim

üéû Video Resources üéû

‚è≥ Timestamps ‚è≥

Hashtags",2025-10-26T18:20:00Z,tech with tim,27,en,en-CA,https://i.ytimg.com/vi/qvpbO5Y9jN0/default.jpg,https://i.ytimg.com/vi/qvpbO5Y9jN0/hqdefault.jpg,PT53S,14861,371,5,public,UC4JX40jDee_tINbkjycV4Sg,Tech With Tim,"I'm Tim, a self-taught developer & entrepreneur who brings you educational tech content without the fluff and noise. I went from a broke dropout working at McDonalds to making $100k+/month as a developer, travelling the world and moving to Dubai all before the age of 22. I've since helped thousands of aspiring developers land their first software engineering role and assisted mid-level devs land jobs at companies like google.

Max landed his first developer job 3 weeks after going through my training.
Youssef was laid off and landed a new role in 2 months while working with me.
Jamario landing competing job offers before graduating college.

If you want to learn more you can click the first link and watch my free training on how we help developers who already know how to code get hired by top tech companies.
",CA,https://yt3.ggpht.com/ytc/AIdro_k15oXl74WcnpdL-uVBv6IHBgAfXEEnpUiS-IoEyV1auyY=s800-c-k-c0x00ffffff-no-rj,1910000,1739,UU4JX40jDee_tINbkjycV4Sg
